{"train loss": 0.4346422851085663, "step": 22, "epoch": 2, "_timestamp": 1719315470.5545592, "_runtime": 32.48599934577942, "_step": 21, "_wandb": {"runtime": 36}}