{"train loss": -327.57904052734375, "step": 300, "epoch": 100, "_timestamp": 1719392732.0001462, "_runtime": 600.2617950439453, "_step": 299, "_wandb": {"runtime": 603}}