{"train loss": 0.2266024798154831, "step": 330, "epoch": 30, "_timestamp": 1719322715.310441, "_runtime": 249.0280900001526, "_step": 329, "_wandb": {"runtime": 253}}