{"train loss": 0.32839858531951904, "step": 300, "epoch": 50, "_timestamp": 1719329481.7023559, "_runtime": 549.38689494133, "_step": 299, "_wandb": {"runtime": 559}}