{"train loss": 0.07721077650785446, "step": 330, "epoch": 30, "_timestamp": 1719323397.600626, "_runtime": 286.0793569087982, "_step": 329, "_wandb": {"runtime": 291}}