{"train loss": 0.019980113953351974, "step": 330, "epoch": 30, "_timestamp": 1719323397.602463, "_runtime": 286.082937002182, "_step": 329, "_wandb": {"runtime": 291}}