{"train loss": 0.08293917775154114, "step": 140, "epoch": 20, "_timestamp": 1719316180.4471862, "_runtime": 207.70227122306824, "_step": 139, "_wandb": {"runtime": 213}}