{"train loss": -0.9636351466178894, "step": 300, "epoch": 50, "_timestamp": 1719336973.4812863, "_runtime": 430.775758266449, "_step": 299, "_wandb": {"runtime": 441}}