{"train loss": -7.484497547149658, "step": 400, "epoch": 100, "_timestamp": 1719393590.1198132, "_runtime": 687.2877442836761, "_step": 399, "_wandb": {"runtime": 700}}