{"train loss": 0.2693433463573456, "step": 220, "epoch": 20, "_timestamp": 1719325302.488148, "_runtime": 177.32996606826782, "_step": 219, "_wandb": {"runtime": 181}}