{"train loss": 0.06845974177122116, "step": 140, "epoch": 20, "_timestamp": 1719321179.8410032, "_runtime": 164.72835516929626, "_step": 139, "_wandb": {"runtime": 169}}