{"train loss": NaN, "step": 140, "epoch": 20, "_timestamp": 1719322160.9547684, "_runtime": 158.71053338050842, "_step": 139, "_wandb": {"runtime": 163}}