{"train loss": 0.17776207625865936, "step": 55, "epoch": 5, "_timestamp": 1719315724.016994, "_runtime": 57.03341197967529, "_step": 54, "_wandb": {"runtime": 57}}