{"train loss": 0.0644662082195282, "step": 220, "epoch": 20, "_timestamp": 1719324101.1669736, "_runtime": 178.97507762908936, "_step": 219, "_wandb": {"runtime": 183}}