{"train loss": NaN, "step": 300, "epoch": 50, "_timestamp": 1719332645.4440317, "_runtime": 550.4372146129608, "_step": 299, "_wandb": {"runtime": 560}}