{"train loss": -15.407744407653809, "step": 300, "epoch": 50, "_timestamp": 1719333577.9117513, "_runtime": 505.6913232803345, "_step": 299, "_wandb": {"runtime": 514}}