{"train loss": 1.0598118305206299, "step": 22, "epoch": 2, "_timestamp": 1719328118.8131309, "_runtime": 32.66612482070923, "_step": 21, "_wandb": {"runtime": 36}}