{"train loss": -87.1069564819336, "step": 400, "epoch": 100, "_timestamp": 1719396500.9743867, "_runtime": 650.1696977615356, "_step": 399, "_wandb": {"runtime": 662}}