{"train loss": -3.11867356300354, "step": 400, "epoch": 100, "_timestamp": 1719395431.6074443, "_runtime": 795.7462792396545, "_step": 399, "_wandb": {"runtime": 808}}