{"train loss": NaN, "step": 480, "epoch": 80, "_timestamp": 1719339088.2397711, "_runtime": 712.1121082305908, "_step": 479, "_wandb": {"runtime": 723}}