{"train loss": -8.419973373413086, "step": 600, "epoch": 100, "_timestamp": 1719340114.9052002, "_runtime": 706.0662572383881, "_step": 599, "_wandb": {"runtime": 716}}