{"train loss": -25.58034896850586, "step": 300, "epoch": 50, "_timestamp": 1719331595.3489933, "_runtime": 560.8127024173737, "_step": 299, "_wandb": {"runtime": 570}}