{"train loss": 0.47731834650039673, "step": 220, "epoch": 20, "_timestamp": 1719328616.647277, "_runtime": 227.9634861946106, "_step": 219, "_wandb": {"runtime": 238}}